serial_number,52A,77A,78A,81A,101A,300A,total_score
'010101010101,R,T,A,D,Y,S,-1034.103
'010104020206,R,T,V,E,F,W,-1040.949
'060104010206,S,T,V,D,F,W,-1039.983
'060102020206,S,T,I,E,F,W,-1039.694
'010103020207,R,T,T,E,F,Y,-1039.612
'060503020103,S,S,T,E,Y,F,-1039.431
'070501010206,Y,S,A,D,F,W,-1039.082
'070203010205,Y,C,T,D,F,T,-1038.946
'020103020205,F,T,T,E,F,T,-1038.701
'010501020205,R,S,A,E,F,T,-1038.655
'070501020101,Y,S,A,E,Y,S,-1038.652
'070401010205,Y,N,A,D,F,T,-1038.636
'060403010205,S,N,T,D,F,T,-1038.514
'060103030205,S,T,T,N,F,T,-1038.316
'010403020102,R,N,T,E,Y,A,-1038.249
'060501020105,S,S,A,E,Y,T,-1038.206
'010102010206,R,T,I,D,F,W,-1038.068
'070103020206,Y,T,T,E,F,W,-1038.005
'030103020105,L,T,T,E,Y,T,-1037.99
'040503020106,M,S,T,E,Y,W,-1037.962
'060503010105,S,S,T,D,Y,T,-1037.742
'030201020206,L,C,A,E,F,W,-1037.709
'060103020106,S,T,T,E,Y,W,-1037.69
'060303020107,S,M,T,E,Y,Y,-1037.467
'010501020102,R,S,A,E,Y,A,-1037.388
'060103020202,S,T,T,E,F,A,-1037.374
'060403010101,S,N,T,D,Y,S,-1037.36
'020101010205,F,T,A,D,F,T,-1037.328
'070501010105,Y,S,A,D,Y,T,-1037.089
'070301020207,Y,M,A,E,F,Y,-1037.068
'030103010207,L,T,T,D,F,Y,-1036.992
'010204010206,R,C,V,D,F,W,-1036.96
'010403010105,R,N,T,D,Y,T,-1036.922
'050103010205,Q,T,T,D,F,T,-1036.868
'060501020202,S,S,A,E,F,A,-1036.852
'020201020205,F,C,A,E,F,T,-1036.779
'030401020205,L,N,A,E,F,T,-1036.734
'070101020205,Y,T,A,E,F,T,-1036.708
'060401010105,S,N,A,D,Y,T,-1036.677
'070303020201,Y,M,T,E,F,S,-1036.654
'070103010201,Y,T,T,D,F,S,-1036.573
'010403030205,R,N,T,N,F,T,-1036.526
'020303010205,F,M,T,D,F,T,-1036.505
'020203020105,F,C,T,E,Y,T,-1036.466
'070203020101,Y,C,T,E,Y,S,-1036.439
'030103020201,L,T,T,E,F,S,-1036.37
'010303020203,R,M,T,E,F,F,-1036.321
'060503010206,S,S,T,D,F,W,-1036.272
'030503020101,L,S,T,E,Y,S,-1036.271
'020501020206,F,S,A,E,F,W,-1036.269
'040104030206,M,T,V,N,F,W,-1036.263
'030101020106,L,T,A,E,Y,W,-1036.249
'040103010106,M,T,T,D,Y,W,-1036.229
'020103020103,F,T,T,E,Y,F,-1036.213
'010503020206,R,S,T,E,F,W,-1036.202
'030103010102,L,T,T,D,Y,A,-1036.172
'060102020101,S,T,I,E,Y,S,-1036.15
'070303010101,Y,M,T,D,Y,S,-1036.148
'020203010201,F,C,T,D,F,S,-1036.132
'040301020206,M,M,A,E,F,W,-1036.047
'010103030105,R,T,T,N,Y,T,-1036.039
'010301020107,R,M,A,E,Y,Y,-1036.035
'030503010205,L,S,T,D,F,T,-1036.019
'060502020201,S,S,I,E,F,S,-1036.008
'030301010106,L,M,A,D,Y,W,-1035.998
'070104020101,Y,T,V,E,Y,S,-1035.975
'040501010201,M,S,A,D,F,S,-1035.94
'020103010206,F,T,T,D,F,W,-1035.922
'060504010205,S,S,V,D,F,T,-1035.912
'060104020105,S,T,V,E,Y,T,-1035.908
'030303020106,L,M,T,E,Y,W,-1035.897
'060401020206,S,N,A,E,F,W,-1035.894
'020503020201,F,S,T,E,F,S,-1035.89
'040202010206,M,C,I,D,F,W,-1035.88
'070103030101,Y,T,T,N,Y,S,-1035.818
'040501020207,M,S,A,E,F,Y,-1035.79
'070201020105,Y,C,A,E,Y,T,-1035.727
'010202030206,R,C,I,N,F,W,-1035.723
'070201020202,Y,C,A,E,F,A,-1035.71
'010401020105,R,N,A,E,Y,T,-1035.654
'030403010206,L,N,T,D,F,W,-1035.653
'060404020201,S,N,V,E,F,S,-1035.649
'060301010206,S,M,A,D,F,W,-1035.585
'010404020205,R,N,V,E,F,T,-1035.544
'030501030105,L,S,A,N,Y,T,-1035.521
'040103020101,M,T,T,E,Y,S,-1035.52
'010301030207,R,M,A,N,F,Y,-1035.501
'010101020203,R,T,A,E,F,F,-1035.488
'060404020102,S,N,V,E,Y,A,-1035.468
'060101030206,S,T,A,N,F,W,-1035.446
'060403030102,S,N,T,N,Y,A,-1035.429
'050501010205,Q,S,A,D,F,T,-1035.422
'070503010202,Y,S,T,D,F,A,-1035.378
'010103030206,R,T,T,N,F,W,-1035.311
'010103010204,R,T,T,D,F,G,-1035.262
'070303030105,Y,M,T,N,Y,T,-1035.225
'010203020205,R,C,T,E,F,T,-1035.218
'010401030107,R,N,A,N,Y,Y,-1035.214
'070303020102,Y,M,T,E,Y,A,-1035.182
'020301010105,F,M,A,D,Y,T,-1035.094
'030401030101,L,N,A,N,Y,S,-1035.072
'070401020102,Y,N,A,E,Y,A,-1034.97
'040401030205,M,N,A,N,F,T,-1034.969
'060103010203,S,T,T,D,F,F,-1034.966
'060401030106,S,N,A,N,Y,W,-1034.962
'060103010107,S,T,T,D,Y,Y,-1034.935
'070201030205,Y,C,A,N,F,T,-1034.931
'010303010103,R,M,T,D,Y,F,-1034.927
'060101010207,S,T,A,D,F,Y,-1034.881
'030303010105,L,M,T,D,Y,T,-1034.862
'010102020205,R,T,I,E,F,T,-1034.861
'070103030202,Y,T,T,N,F,A,-1034.828
'010301010202,R,M,A,D,F,A,-1034.813
'070503030201,Y,S,T,N,F,S,-1034.803
'070203030102,Y,C,T,N,Y,A,-1034.759
'070102020105,Y,T,I,E,Y,T,-1034.743
'060201020101,S,C,A,E,Y,S,-1034.708
'050401020101,Q,N,A,E,Y,S,-1034.7
'020103010105,F,T,T,D,Y,T,-1034.693
'060101020201,S,T,A,E,F,S,-1034.67
'040501010103,M,S,A,D,Y,F,-1034.64
'020503010106,F,S,T,D,Y,W,-1034.629
'030301020202,L,M,A,E,F,A,-1034.628
'020401020207,F,N,A,E,F,Y,-1034.627
'020101020102,F,T,A,E,Y,A,-1034.626
'050503010101,Q,S,T,D,Y,S,-1034.609
'020501010203,F,S,A,D,F,F,-1034.595
'070502010205,Y,S,I,D,F,T,-1034.577
'010104010205,R,T,V,D,F,T,-1034.573
'060403020105,S,N,T,E,Y,T,-1034.556
'020104020201,F,T,V,E,F,S,-1034.503
'040502020101,M,S,I,E,Y,S,-1034.49
'060201010102,S,C,A,D,Y,A,-1034.487
'040303010107,M,M,T,D,Y,Y,-1034.467
'010401020201,R,N,A,E,F,S,-1034.421
'070503020107,Y,S,T,E,Y,Y,-1034.421
'070303010207,Y,M,T,D,F,Y,-1034.41
'060502010101,S,S,I,D,Y,S,-1034.365
'070301030101,Y,M,A,N,Y,S,-1034.343
'020403020101,F,N,T,E,Y,S,-1034.327
'040403020107,M,N,T,E,Y,Y,-1034.318
'010502020105,R,S,I,E,Y,T,-1034.281
'020401020106,F,N,A,E,Y,W,-1034.25
'040403030201,M,N,T,N,F,S,-1034.186
'010303030107,R,M,T,N,Y,Y,-1034.173
'020501010107,F,S,A,D,Y,Y,-1034.162
'020201010106,F,C,A,D,Y,W,-1034.147
'030501020103,L,S,A,E,Y,F,-1034.14
'040403030105,M,N,T,N,Y,T,-1034.139
'020103030102,F,T,T,N,Y,A,-1034.136
'010203010107,R,C,T,D,Y,Y,-1034.132
'040301020105,M,M,A,E,Y,T,-1034.099
'040301010203,M,M,A,D,F,F,-1034.019
'020201010207,F,C,A,D,F,Y,-1034.014
'060301020102,S,M,A,E,Y,A,-1033.988
'020401030202,F,N,A,N,F,A,-1033.978
'020201020107,F,C,A,E,Y,Y,-1033.975
'060203010207,S,C,T,D,F,Y,-1033.966
'060503030106,S,S,T,N,Y,W,-1033.948
'030503010107,L,S,T,D,Y,Y,-1033.905
'020401010103,F,N,A,D,Y,F,-1033.904
'030504010105,L,S,V,D,Y,T,-1033.873
'060502020102,S,S,I,E,Y,A,-1033.863
'050403010202,Q,N,T,D,F,A,-1033.858
'010403030103,R,N,T,N,Y,F,-1033.857
'030501010202,L,S,A,D,F,A,-1033.852
'040401020203,M,N,A,E,F,F,-1033.835
'060402020107,S,N,I,E,Y,Y,-1033.831
'030104020205,L,T,V,E,F,T,-1033.782
'070404010101,Y,N,V,D,Y,S,-1033.777
'060501030207,S,S,A,N,F,Y,-1033.774
'030504020102,L,S,V,E,Y,A,-1033.74
'010201010205,R,C,A,D,F,T,-1033.725
'010303010206,R,M,T,D,F,W,-1033.688
'070302020101,Y,M,I,E,Y,S,-1033.685
'010503030203,R,S,T,N,F,F,-1033.651
'040501030107,M,S,A,N,Y,Y,-1033.65
'030403020103,L,N,T,E,Y,F,-1033.639
'060203030105,S,C,T,N,Y,T,-1033.637
'020501020104,F,S,A,E,Y,G,-1033.626
'060501010106,S,S,A,D,Y,W,-1033.595
'010504010201,R,S,V,D,F,S,-1033.575
'020203010104,F,C,T,D,Y,G,-1033.571
'040504010206,M,S,V,D,F,W,-1033.56
'040504020201,M,S,V,E,F,S,-1033.544
'030401020107,L,N,A,E,Y,Y,-1033.529
'030301030206,L,M,A,N,F,W,-1033.477
'010203020103,R,C,T,E,Y,F,-1033.472
'020201030201,F,C,A,N,F,S,-1033.47
'010504020202,R,S,V,E,F,A,-1033.448
'020301020203,F,M,A,E,F,F,-1033.444
'030401010203,L,N,A,D,F,F,-1033.431
'020101030105,F,T,A,N,Y,T,-1033.407
'060401020103,S,N,A,E,Y,F,-1033.398
'040303030106,M,M,T,N,Y,W,-1033.363
'040404010205,M,N,V,D,F,T,-1033.346
'060203020201,S,C,T,E,F,S,-1033.302
'030101030107,L,T,A,N,Y,Y,-1033.286
'060504020106,S,S,V,E,Y,W,-1033.277
'070301020106,Y,M,A,E,Y,W,-1033.247
'050101020206,Q,T,A,E,F,W,-1033.237
'020203030107,F,C,T,N,Y,Y,-1033.234
'040403010203,M,N,T,D,F,F,-1033.233
'020104020106,F,T,V,E,Y,W,-1033.202
'040404020105,M,N,V,E,Y,T,-1033.193
'010204020101,R,C,V,E,Y,S,-1033.19
'060103030103,S,T,T,N,Y,F,-1033.183
'030502020106,L,S,I,E,Y,W,-1033.152
'040504010101,M,S,V,D,Y,S,-1033.134
'070301010201,Y,M,A,D,F,S,-1033.131
'060401030203,S,N,A,N,F,F,-1033.12
'030103030106,L,T,T,N,Y,W,-1033.108
'040503010207,M,S,T,D,F,Y,-1033.106
'050501020106,Q,S,A,E,Y,W,-1033.091
'070504030101,Y,S,V,N,Y,S,-1033.02
'070304020105,Y,M,V,E,Y,T,-1032.947
'070101030207,Y,T,A,N,F,Y,-1032.929
'020104030205,F,T,V,N,F,T,-1032.912
'010403020204,R,N,T,E,F,G,-1032.903
'060101020107,S,T,A,E,Y,Y,-1032.903
'030101020204,L,T,A,E,F,G,-1032.831
'020103030203,F,T,T,N,F,F,-1032.821
'060102010102,S,T,I,D,Y,A,-1032.799
'030301010207,L,M,A,D,F,Y,-1032.776
'070401030105,Y,N,A,N,Y,T,-1032.74
'070103010104,Y,T,T,D,Y,G,-1032.726
'040401010106,M,N,A,D,Y,W,-1032.725
'070101010202,Y,T,A,D,F,A,-1032.717
'040201020103,M,C,A,E,Y,F,-1032.716
'020304010101,F,M,V,D,Y,S,-1032.714
'040101020202,M,T,A,E,F,A,-1032.706
'030404020101,L,N,V,E,Y,S,-1032.685
'040104030101,M,T,V,N,Y,S,-1032.683
'050501010102,Q,S,A,D,Y,A,-1032.68
'070504010102,Y,S,V,D,Y,A,-1032.666
'020302020106,F,M,I,E,Y,W,-1032.664
'010401010206,R,N,A,D,F,W,-1032.664
'020504020105,F,S,V,E,Y,T,-1032.658
'050201010206,Q,C,A,D,F,W,-1032.655
'030403010104,L,N,T,D,Y,G,-1032.649
'060104020203,S,T,V,E,F,F,-1032.638
'040203010101,M,C,T,D,Y,S,-1032.634
'060501010204,S,S,A,D,F,G,-1032.575
'040501030203,M,S,A,N,F,F,-1032.572
'070503010103,Y,S,T,D,Y,F,-1032.532
'010203010203,R,C,T,D,F,F,-1032.524
'070404020104,Y,N,V,E,Y,G,-1032.491
'050103020203,Q,T,T,E,F,F,-1032.485
'070204020201,Y,C,V,E,F,S,-1032.481
'030403030107,L,N,T,N,Y,Y,-1032.48
'070201010104,Y,C,A,D,Y,G,-1032.44
'020302020201,F,M,I,E,F,S,-1032.431
'060504030102,S,S,V,N,Y,A,-1032.427
'030203010106,L,C,T,D,Y,W,-1032.422
'050103020104,Q,T,T,E,Y,G,-1032.408
'030304010206,L,M,V,D,F,W,-1032.364
'020501030101,F,S,A,N,Y,S,-1032.342
'030104010106,L,T,V,D,Y,W,-1032.336
'010101030205,R,T,A,N,F,T,-1032.282
'020102010201,F,T,I,D,F,S,-1032.273
'040303020103,M,M,T,E,Y,F,-1032.253
'060301020205,S,M,A,E,F,T,-1032.251
'070201010203,Y,C,A,D,F,F,-1032.245
'010502030205,R,S,I,N,F,T,-1032.225
'030501020201,L,S,A,E,F,S,-1032.221
'070202020102,Y,C,I,E,Y,A,-1032.216
'070104020202,Y,T,V,E,F,A,-1032.21
'070501030106,Y,S,A,N,Y,W,-1032.177
'030203020104,L,C,T,E,Y,G,-1032.153
'070403010102,Y,N,T,D,Y,A,-1032.147
'040104010105,M,T,V,D,Y,T,-1032.146
'050103010103,Q,T,T,D,Y,F,-1032.137
'070202010101,Y,C,I,D,Y,S,-1032.131
'010303020105,R,M,T,E,Y,T,-1032.128
'040104020107,M,T,V,E,Y,Y,-1032.121
'030104010201,L,T,V,D,F,S,-1032.113
'030303030103,L,M,T,N,Y,F,-1032.096
'060502030105,S,S,I,N,Y,T,-1032.058
'020504010202,F,S,V,D,F,A,-1032.053
'050303010106,Q,M,T,D,Y,W,-1032.012
'010402020101,R,N,I,E,Y,S,-1031.992
'070104030201,Y,T,V,N,F,S,-1031.988
'010304010105,R,M,V,D,Y,T,-1031.986
'040102030205,M,T,I,N,F,T,-1031.982
'010202010202,R,C,I,D,F,A,-1031.978
'060404030105,S,N,V,N,Y,T,-1031.923
'040502010106,M,S,I,D,Y,W,-1031.913
'010402030202,R,N,I,N,F,A,-1031.899
'040204020102,M,C,V,E,Y,A,-1031.896
'010102020102,R,T,I,E,Y,A,-1031.882
'010201030103,R,C,A,N,Y,F,-1031.866
'050504020101,Q,S,V,E,Y,S,-1031.864
'040404010107,M,N,V,D,Y,Y,-1031.848
'060203020102,S,C,T,E,Y,A,-1031.847
'060204010105,S,C,V,D,Y,T,-1031.825
'010203030202,R,C,T,N,F,A,-1031.823
'070304010205,Y,M,V,D,F,T,-1031.821
'030402010101,L,N,I,D,Y,S,-1031.81
'050403030106,Q,N,T,N,Y,W,-1031.799
'040201030106,M,C,A,N,Y,W,-1031.765
'060301010103,S,M,A,D,Y,F,-1031.72
'040201010105,M,C,A,D,Y,T,-1031.686
'010304030206,R,M,V,N,F,W,-1031.674
'060203010103,S,C,T,D,Y,F,-1031.669
'030104030105,L,T,V,N,Y,T,-1031.666
'040102020106,M,T,I,E,Y,W,-1031.66
'030102020202,L,T,I,E,F,A,-1031.627
'060402030201,S,N,I,N,F,S,-1031.614
'010502030101,R,S,I,N,Y,S,-1031.599
'040302010207,M,M,I,D,F,Y,-1031.571
'050404010105,Q,N,V,D,Y,T,-1031.559
'060202020105,S,C,I,E,Y,T,-1031.551
'010502020204,R,S,I,E,F,G,-1031.529
'050101030201,Q,T,A,N,F,S,-1031.518
'060101030102,S,T,A,N,Y,A,-1031.515
'040401030103,M,N,A,N,Y,F,-1031.509
'010402030105,R,N,I,N,Y,T,-1031.481
'060301030201,S,M,A,N,F,S,-1031.469
'020303020104,F,M,T,E,Y,G,-1031.464
'070401030204,Y,N,A,N,F,G,-1031.44
'050502010201,Q,S,I,D,F,S,-1031.427
'040103010202,M,T,T,D,F,A,-1031.409
'060402010202,S,N,I,D,F,A,-1031.408
'070402030101,Y,N,I,N,Y,S,-1031.389
'010104020103,R,T,V,E,Y,F,-1031.383
'040401010202,M,N,A,D,F,A,-1031.369
'040203030103,M,C,T,N,Y,F,-1031.366
'050301020103,Q,M,A,E,Y,F,-1031.362
'060302010106,S,M,I,D,Y,W,-1031.358
'070401010107,Y,N,A,D,Y,Y,-1031.355
'030303010201,L,M,T,D,F,S,-1031.344
'030102020107,L,T,I,E,Y,Y,-1031.304
'050101030106,Q,T,A,N,Y,W,-1031.304
'020403010204,F,N,T,D,F,G,-1031.304
'040204010202,M,C,V,D,F,A,-1031.298
'020304020107,F,M,V,E,Y,Y,-1031.292
'020502030201,F,S,I,N,F,S,-1031.287
'040101020104,M,T,A,E,Y,G,-1031.266
'030501010104,L,S,A,D,Y,G,-1031.25
'060303010104,S,M,T,D,Y,G,-1031.243
'030304030106,L,M,V,N,Y,W,-1031.228
'040101010206,M,T,A,D,F,W,-1031.217
'040103030207,M,T,T,N,F,Y,-1031.213
'050101010203,Q,T,A,D,F,F,-1031.208
'070501020204,Y,S,A,E,F,G,-1031.185
'060304010202,S,M,V,D,F,A,-1031.184
'010201020106,R,C,A,E,Y,W,-1031.18
'070402010201,Y,N,I,D,F,S,-1031.148
'030102010205,L,T,I,D,F,T,-1031.129
'050203030101,Q,C,T,N,Y,S,-1031.116
'020503020102,F,S,T,E,Y,A,-1031.092
'010403010207,R,N,T,D,F,Y,-1031.075
'020104010107,F,T,V,D,Y,Y,-1031.055
'010504020107,R,S,V,E,Y,Y,-1031.054
'050201020201,Q,C,A,E,F,S,-1031.044
'060501030104,S,S,A,N,Y,G,-1031.043
'060401010201,S,N,A,D,F,S,-1031.034
'050202020101,Q,C,I,E,Y,S,-1031.034
'030502010102,L,S,I,D,Y,A,-1031.029
'050503010203,Q,S,T,D,F,F,-1031.023
'020204010102,F,C,V,D,Y,A,-1031.006
'060202010205,S,C,I,D,F,T,-1030.994
'050402010205,Q,N,I,D,F,T,-1030.994
'030304010107,L,M,V,D,Y,Y,-1030.966
'060504010107,S,S,V,D,Y,Y,-1030.958
'040504020103,M,S,V,E,Y,F,-1030.954
'040404030106,M,N,V,N,Y,W,-1030.937
'030301020101,L,M,A,E,Y,S,-1030.932
'030201010103,L,C,A,D,Y,F,-1030.923
'010204030105,R,C,V,N,Y,T,-1030.899
'050403010107,Q,N,T,D,Y,Y,-1030.865
'010501030204,R,S,A,N,F,G,-1030.839
'020404010201,F,N,V,D,F,S,-1030.83
'070202030201,Y,C,I,N,F,S,-1030.799
'010301030105,R,M,A,N,Y,T,-1030.765
'050103030107,Q,T,T,N,Y,Y,-1030.758
'030204010205,L,C,V,D,F,T,-1030.749
'020503030104,F,S,T,N,Y,G,-1030.729
'060201020204,S,C,A,E,F,G,-1030.697
'060104030107,S,T,V,N,Y,Y,-1030.592
'040302020107,M,M,I,E,Y,Y,-1030.56
'020301030103,F,M,A,N,Y,F,-1030.534
'030504030107,L,S,V,N,Y,Y,-1030.509
'030401030207,L,N,A,N,F,Y,-1030.508
'030203010202,L,C,T,D,F,A,-1030.508
'040102020204,M,T,I,E,F,G,-1030.488
'010203030106,R,C,T,N,Y,W,-1030.487
'020204020104,F,C,V,E,Y,G,-1030.487
'010504010106,R,S,V,D,Y,W,-1030.476
'050501030202,Q,S,A,N,F,A,-1030.472
'010202010105,R,C,I,D,Y,T,-1030.464
'030102030206,L,T,I,N,F,W,-1030.462
'040402010102,M,N,I,D,Y,A,-1030.454
'050501020203,Q,S,A,E,F,F,-1030.43
'050301030102,Q,M,A,N,Y,A,-1030.414
'070301010102,Y,M,A,D,Y,A,-1030.349
'050102010105,Q,T,I,D,Y,T,-1030.338
'050303030201,Q,M,T,N,F,S,-1030.335
'010502010103,R,S,I,D,Y,F,-1030.324
'050204020107,Q,C,V,E,Y,Y,-1030.323
'020304030105,F,M,V,N,Y,T,-1030.321
'030404010202,L,N,V,D,F,A,-1030.305
'050402020105,Q,N,I,E,Y,T,-1030.291
'050301030203,Q,M,A,N,F,F,-1030.216
'010304020201,R,M,V,E,F,S,-1030.184
'010503020104,R,S,T,E,Y,G,-1030.18
'050101020105,Q,T,A,E,Y,T,-1030.177
'060301030107,S,M,A,N,Y,Y,-1030.175
'050201020102,Q,C,A,E,Y,A,-1030.136
'020304030201,F,M,V,N,F,S,-1030.136
'040402020103,M,N,I,E,Y,F,-1030.093
'020302030101,F,M,I,N,Y,S,-1030.093
'070302010202,Y,M,I,D,F,A,-1030.092
'020204030101,F,C,V,N,Y,S,-1030.088
'030304020103,L,M,V,E,Y,F,-1030.082
'050502010107,Q,S,I,D,Y,Y,-1030.074
'070301030202,Y,M,A,N,F,A,-1030.059
'040304030107,M,M,V,N,Y,Y,-1030.012
'010304020106,R,M,V,E,Y,W,-1029.973
'010302020206,R,M,I,E,F,W,-1029.964
'070202030105,Y,C,I,N,Y,T,-1029.948
'070302010105,Y,M,I,D,Y,T,-1029.919
'050401010207,Q,N,A,D,F,Y,-1029.847
'040102010107,M,T,I,D,Y,Y,-1029.84
'060202030101,S,C,I,N,Y,S,-1029.809
'020201030102,F,C,A,N,Y,A,-1029.783
'020502020107,F,S,I,E,Y,Y,-1029.76
'070104030102,Y,T,V,N,Y,A,-1029.729
'050501030103,Q,S,A,N,Y,F,-1029.723
'050404030201,Q,N,V,N,F,S,-1029.723
'070104010207,Y,T,V,D,F,Y,-1029.682
'050102020201,Q,T,I,E,F,S,-1029.674
'070204010204,Y,C,V,D,F,G,-1029.667
'020502010206,F,S,I,D,F,W,-1029.651
'030302010103,L,M,I,D,Y,F,-1029.633
'040503010102,M,S,T,D,Y,A,-1029.619
'030302020105,L,M,I,E,Y,T,-1029.617
'020104010204,F,T,V,D,F,G,-1029.611
'030404010103,L,N,V,D,Y,F,-1029.607
'050404020106,Q,N,V,E,Y,W,-1029.575
'020102030202,F,T,I,N,F,A,-1029.534
'060504030201,S,S,V,N,F,S,-1029.528
'020404030107,F,N,V,N,Y,Y,-1029.514
'030504010204,L,S,V,D,F,G,-1029.505
'070102010204,Y,T,I,D,F,G,-1029.494
'030201030204,L,C,A,N,F,G,-1029.471
'030101030203,L,T,A,N,F,F,-1029.468
'020102020203,F,T,I,E,F,F,-1029.448
'010202020201,R,C,I,E,F,S,-1029.442
'050303020101,Q,M,T,E,Y,S,-1029.44
'010202020107,R,C,I,E,Y,Y,-1029.436
'020402020102,F,N,I,E,Y,A,-1029.418
'050502020103,Q,S,I,E,Y,F,-1029.408
'020404020103,F,N,V,E,Y,F,-1029.37
'050201030105,Q,C,A,N,Y,T,-1029.369
'030402030102,L,N,I,N,Y,A,-1029.328
'050403020201,Q,N,T,E,F,S,-1029.314
'070403020106,Y,N,T,E,Y,W,-1029.262
'020404010106,F,N,V,D,Y,W,-1029.16
'040201030202,M,C,A,N,F,A,-1029.156
'050201010107,Q,C,A,D,Y,Y,-1029.107
'070201030107,Y,C,A,N,Y,Y,-1029.093
'020502030102,F,S,I,N,Y,A,-1029.044
'050304010207,Q,M,V,D,F,Y,-1029.044
'070404010206,Y,N,V,D,F,W,-1029.04
'030103030204,L,T,T,N,F,G,-1029.038
'070304010106,Y,M,V,D,Y,W,-1029.037
'060104010104,S,T,V,D,Y,G,-1029.012
'060104030204,S,T,V,N,F,G,-1028.962
'030204020106,L,C,V,E,Y,W,-1028.96
'040304020101,M,M,V,E,Y,S,-1028.949
'050102030101,Q,T,I,N,Y,S,-1028.936
'020504010103,F,S,V,D,Y,F,-1028.922
'060202010107,S,C,I,D,Y,Y,-1028.845
'040402030107,M,N,I,N,Y,Y,-1028.823
'010302010107,R,M,I,D,Y,Y,-1028.814
'030402010204,L,N,I,D,F,G,-1028.798
'030502030103,L,S,I,N,Y,F,-1028.79
'050503020105,Q,S,T,E,Y,T,-1028.719
'010504030103,R,S,V,N,Y,F,-1028.671
'050203020106,Q,C,T,E,Y,W,-1028.669
'020501030205,F,S,A,N,F,T,-1028.667
'070204030106,Y,C,V,N,Y,W,-1028.653
'010302020103,R,M,I,E,Y,F,-1028.634
'010503030102,R,S,T,N,Y,A,-1028.592
'030202020103,L,C,I,E,Y,F,-1028.582
'070204020103,Y,C,V,E,Y,F,-1028.561
'010302030102,R,M,I,N,Y,A,-1028.522
'040503030101,M,S,T,N,Y,S,-1028.462
'060402010103,S,N,I,D,Y,F,-1028.46
'050504030106,Q,S,V,N,Y,W,-1028.448
'010104030202,R,T,V,N,F,A,-1028.444
'010204020204,R,C,V,E,F,G,-1028.434
'020502010105,F,S,I,D,Y,T,-1028.397
'040504030104,M,S,V,N,Y,G,-1028.395
'060304030103,S,M,V,N,Y,F,-1028.362
'070101020103,Y,T,A,E,Y,F,-1028.314
'050404030102,Q,N,V,N,Y,A,-1028.295
'010102030204,R,T,I,N,F,G,-1028.277
'050104020102,Q,T,V,E,Y,A,-1028.269
'070502010104,Y,S,I,D,Y,G,-1028.243
'030402020201,L,N,I,E,F,S,-1028.21
'050302030106,Q,M,I,N,Y,W,-1028.166
'020101030204,F,T,A,N,F,G,-1028.164
'040302030103,M,M,I,N,Y,F,-1028.157
'040204010103,M,C,V,D,Y,F,-1028.137
'020202030106,F,C,I,N,Y,W,-1028.107
'070101030104,Y,T,A,N,Y,G,-1028.097
'030302030201,L,M,I,N,F,S,-1028.039
'010302010205,R,M,I,D,F,T,-1028.021
'020102020104,F,T,I,E,Y,G,-1028.021
'030202010201,L,C,I,D,F,S,-1028.021
'020102010106,F,T,I,D,Y,W,-1027.986
'070504010203,Y,S,V,D,F,F,-1027.963
'010102030103,R,T,I,N,Y,F,-1027.95
'050302010206,Q,M,I,D,F,W,-1027.95
'030102010104,L,T,I,D,Y,G,-1027.928
'020202010203,F,C,I,D,F,F,-1027.842
'010404010204,R,N,V,D,F,G,-1027.754
'030401010102,L,N,A,D,Y,A,-1027.694
'060303030101,S,M,T,N,Y,S,-1027.632
'030204030102,L,C,V,N,Y,A,-1027.549
'020402010207,F,N,I,D,F,Y,-1027.486
'020302010102,F,M,I,D,Y,A,-1027.47
'010501010207,R,S,A,D,F,Y,-1027.429
'020104030104,F,T,V,N,Y,G,-1027.403
'060204010201,S,C,V,D,F,S,-1027.349
'050401020202,Q,N,A,E,F,A,-1027.333
'040301010104,M,M,A,D,Y,G,-1027.265
'050203010102,Q,C,T,D,Y,A,-1027.259
'020102030107,F,T,I,N,Y,Y,-1027.219
'010304010203,R,M,V,D,F,F,-1027.13
'040301030204,M,M,A,N,F,G,-1027.117
'070404030103,Y,N,V,N,Y,F,-1027.117
'050302020102,Q,M,I,E,Y,A,-1027.063
'010301020204,R,M,A,E,F,G,-1027.046
'070304030104,Y,M,V,N,Y,G,-1027.025
'040302010101,M,M,I,D,Y,S,-1026.918
'010402010203,R,N,I,D,F,F,-1026.901
'040203010204,M,C,T,D,F,G,-1026.878
'050504010104,Q,S,V,D,Y,G,-1026.808
'050104030103,Q,T,V,N,Y,F,-1026.773
'040103030104,M,T,T,N,Y,G,-1026.771
'060404010207,S,N,V,D,F,Y,-1026.699
'050202010106,Q,C,I,D,Y,W,-1026.688
'070102030106,Y,T,I,N,Y,W,-1026.568
'030402020104,L,N,I,E,Y,G,-1026.534
'060302010204,S,M,I,D,F,G,-1026.481
'010402010106,R,N,I,D,Y,W,-1026.448
'050304030101,Q,M,V,N,Y,S,-1026.447
'060502010203,S,S,I,D,F,F,-1026.285
'010504030207,R,S,V,N,F,Y,-1026.28
'060302020104,S,M,I,E,Y,G,-1026.25
'050201030207,Q,C,A,N,F,Y,-1026.139
'040502010202,M,S,I,D,F,A,-1026.126
'010303030204,R,M,T,N,F,G,-1026.124
'030502010207,L,S,I,D,F,Y,-1026.123
'040102030102,M,T,I,N,Y,A,-1026.116
'050104010202,Q,T,V,D,F,A,-1026.113
'040304010102,M,M,V,D,Y,A,-1026.086
'010404030203,R,N,V,N,F,F,-1025.861
'050304010103,Q,M,V,D,Y,F,-1025.841
'030204030201,L,C,V,N,F,S,-1025.711
'030202030107,L,C,I,N,Y,Y,-1025.68
'070204010107,Y,C,V,D,Y,Y,-1025.654
'050204010101,Q,C,V,D,Y,S,-1025.551
'070104010103,Y,T,V,D,Y,F,-1025.471
'050304020104,Q,M,V,E,Y,G,-1025.315
'070102020207,Y,T,I,E,F,Y,-1025.303
'070502030107,Y,S,I,N,Y,Y,-1025.258
'060102030207,S,T,I,N,F,Y,-1025.234
'030104020104,L,T,V,E,Y,G,-1025.161
'010302030203,R,M,I,N,F,F,-1025.044
'040104010203,M,T,V,D,F,F,-1025.02
'060102030104,S,T,I,N,Y,G,-1025.002
'040202020104,M,C,I,E,Y,G,-1024.986
'020401030104,F,N,A,N,Y,G,-1024.985
'050404010203,Q,N,V,D,F,F,-1024.917
'010104030106,R,T,V,N,Y,W,-1024.853
'050202010204,Q,C,I,D,F,G,-1024.805
'010204010104,R,C,V,D,Y,G,-1024.785
'010404030101,R,N,V,N,Y,S,-1024.763
'050401010104,Q,N,A,D,Y,G,-1024.533
'050104020207,Q,T,V,E,F,Y,-1024.518
'050302010104,Q,M,I,D,Y,G,-1024.443
'010404010102,R,N,V,D,Y,A,-1024.428
'050301010204,Q,M,A,D,F,G,-1024.371
'010402020207,R,N,I,E,F,Y,-1024.27
'040304010204,M,M,V,D,F,G,-1024.1
'020402030103,F,N,I,N,Y,F,-1024.06
'070102030203,Y,T,I,N,F,F,-1024.005
'030404030104,L,N,V,N,Y,G,-1023.611
'050202030102,Q,C,I,N,Y,A,-1023.595
'030301030104,L,M,A,N,Y,G,-1023.489
'050401030206,Q,N,A,N,F,W,-1023.432
'070202010207,Y,C,I,D,F,Y,-1023.085
'050102010207,Q,T,I,D,F,Y,-1022.769
'010201020207,R,C,A,E,F,Y,-1022.519
'030104030207,L,T,V,N,F,Y,-1022.265
'050402030104,Q,N,I,N,Y,G,-1021.405
'010202030104,R,C,I,N,Y,G,-1021.334
'020402010104,F,N,I,D,Y,G,-1021.109
'060204030104,S,C,V,N,Y,G,-1021.086
'070403030104,Y,N,T,N,Y,G,-1020.637
'050303030104,Q,M,T,N,Y,G,-1019.81
